,userid,skuid,cate,brand,bad_comment_distribution,user_activity_level,date_registered,date_action,date_id,purchase
1,200001,20308,8,306,NA,5,1/26/2016,3/27/2016,20160327,20000120160327
2,200005,72967,4,519,NA,4,1/26/2016,2/23/2016,20160223,20000520160223
3,200014,37057,6,489,NA,4,4/10/2013,4/5/2016,20160405,20001420160405
4,200014,125188,5,479,NA,4,4/10/2013,4/5/2016,20160405,20001420160405
5,200015,168842,9,630,0,3,1/26/2016,3/28/2016,20160328,20001520160328
6,200017,2148,6,165,NA,4,1/26/2016,3/13/2016,20160313,20001720160313
7,200017,138037,4,375,NA,4,1/26/2016,3/13/2016,20160313,20001720160313
8,200017,2143,5,570,NA,4,1/26/2016,3/13/2016,20160313,20001720160313
9,200017,126535,8,545,NA,4,1/26/2016,3/13/2016,20160313,20001720160313
10,200020,75877,8,545,NA,2,1/26/2016,3/4/2016,20160304,20002020160304
11,200028,5235,6,269,0.0405,4,1/26/2016,3/21/2016,20160321,20002820160321
12,200032,99491,5,78,NA,4,4/10/2013,2/6/2016,20160206,20003220160206
13,200033,44705,5,306,NA,5,2/2/2016,2/2/2016,20160202,20003320160202
14,200033,44854,8,30,NA,5,2/2/2016,4/6/2016,20160406,20003320160406
15,200034,21457,8,214,NA,4,1/26/2016,4/14/2016,20160414,20003420160414
16,200037,60533,5,306,NA,5,4/10/2013,2/27/2016,20160227,20003720160227
17,200038,25003,5,489,0.018300001,5,4/10/2013,2/1/2016,20160201,20003820160201
18,200038,84205,6,165,NA,5,4/10/2013,2/27/2016,20160227,20003820160227
19,200043,8648,7,306,NA,3,1/27/2016,3/12/2016,20160312,20004320160312
20,200049,33186,7,563,NA,3,4/10/2013,4/10/2016,20160410,20004920160410
21,200053,124286,7,741,NA,4,4/10/2013,3/6/2016,20160306,20005320160306
22,200053,32465,8,489,NA,4,4/10/2013,3/6/2016,20160306,20005320160306
23,200053,92555,5,306,0.031099999,4,4/10/2013,4/11/2016,20160411,20005320160411
24,200053,135272,4,519,NA,4,4/10/2013,4/13/2016,20160413,20005320160413
25,200054,28276,4,519,NA,5,4/10/2013,4/14/2016,20160414,20005420160414
26,200055,111453,7,306,NA,3,1/27/2016,3/11/2016,20160311,20005520160311
27,200059,90761,9,630,0.0134,5,4/10/2013,3/7/2016,20160307,20005920160307
28,200059,136276,7,587,NA,5,4/10/2013,3/23/2016,20160323,20005920160323
29,200062,124470,7,157,NA,4,1/27/2016,2/27/2016,20160227,20006220160227
30,200063,103350,9,640,0.042800002,4,1/27/2016,3/7/2016,20160307,20006320160307
31,200067,153395,8,545,NA,2,1/27/2016,3/11/2016,20160311,20006720160311
32,200074,148856,8,658,NA,5,4/11/2013,3/4/2016,20160304,20007420160304
33,200077,129313,4,306,NA,5,4/11/2013,3/15/2016,20160315,20007720160315
34,200077,170311,4,306,NA,5,4/11/2013,3/15/2016,20160315,20007720160315
35,200077,84544,6,306,NA,5,4/11/2013,3/15/2016,20160315,20007720160315
36,200077,19950,5,306,NA,5,4/11/2013,3/15/2016,20160315,20007720160315
37,200077,88295,8,489,NA,5,4/11/2013,3/15/2016,20160315,20007720160315
38,200077,88295,8,489,NA,5,4/11/2013,3/15/2016,20160315,20007720160315
39,200077,88295,8,489,NA,5,4/11/2013,3/15/2016,20160315,20007720160315
40,200077,147796,8,489,NA,5,4/11/2013,3/15/2016,20160315,20007720160315
41,200077,148209,9,427,NA,5,4/11/2013,3/15/2016,20160315,20007720160315
42,200077,170311,4,306,NA,5,4/11/2013,3/26/2016,20160326,20007720160326
43,200085,28276,4,519,0.0231,3,4/11/2013,3/7/2016,20160307,20008520160307
44,200089,143661,4,885,0.068499997,3,4/11/2013,2/15/2016,20160215,20008920160215
45,200089,94373,4,885,0.0229,3,4/11/2013,2/15/2016,20160215,20008920160215
46,200089,94373,4,885,NA,3,4/11/2013,2/25/2016,20160225,20008920160225
47,200091,113963,5,232,NA,4,1/27/2016,3/31/2016,20160331,20009120160331
48,200092,119697,4,199,0.032699998,5,1/27/2016,2/1/2016,20160201,20009220160201
49,200092,7418,7,306,NA,5,1/27/2016,2/2/2016,20160202,20009220160202
50,200092,147622,4,36,NA,5,1/27/2016,2/2/2016,20160202,20009220160202
51,200092,54357,6,489,NA,5,1/27/2016,2/3/2016,20160203,20009220160203
52,200092,7295,4,199,NA,5,1/27/2016,2/4/2016,20160204,20009220160204
53,200092,6156,6,165,NA,5,1/27/2016,2/5/2016,20160205,20009220160205
54,200092,99415,5,479,NA,5,1/27/2016,2/6/2016,20160206,20009220160206
55,200092,125987,5,489,NA,5,1/27/2016,2/11/2016,20160211,20009220160211
56,200092,8710,6,165,NA,5,1/27/2016,2/18/2016,20160218,20009220160218
57,200092,117210,5,800,NA,5,1/27/2016,2/19/2016,20160219,20009220160219
58,200092,100894,5,489,0.0164,5,1/27/2016,2/22/2016,20160222,20009220160222
59,200092,84205,6,165,0,5,1/27/2016,2/22/2016,20160222,20009220160222
60,200092,7196,6,235,NA,5,1/27/2016,2/23/2016,20160223,20009220160223
61,200092,99415,5,479,NA,5,1/27/2016,2/25/2016,20160225,20009220160225
62,200092,7196,6,235,NA,5,1/27/2016,2/26/2016,20160226,20009220160226
63,200092,99415,5,479,NA,5,1/27/2016,2/26/2016,20160226,20009220160226
64,200092,99415,5,479,NA,5,1/27/2016,3/2/2016,20160302,20009220160302
65,200092,99415,5,479,0.016000001,5,1/27/2016,3/14/2016,20160314,20009220160314
66,200092,80497,6,585,0.0207,5,1/27/2016,3/14/2016,20160314,20009220160314
67,200092,163680,4,306,0.018300001,5,1/27/2016,4/4/2016,20160404,20009220160404
68,200092,78285,6,306,0.0451,5,1/27/2016,4/4/2016,20160404,20009220160404
69,200093,33726,6,693,0.022,5,1/27/2016,3/14/2016,20160314,20009320160314
70,200097,168200,5,306,NA,5,4/11/2013,3/24/2016,20160324,20009720160324
71,200097,157215,7,306,NA,5,4/11/2013,3/24/2016,20160324,20009720160324
72,200097,37009,4,581,NA,5,4/11/2013,3/25/2016,20160325,20009720160325
73,200097,116220,4,581,NA,5,4/11/2013,4/9/2016,20160409,20009720160409
74,200098,26179,9,741,NA,3,1/27/2016,2/26/2016,20160226,20009820160226
75,200100,89103,4,885,NA,3,1/27/2016,3/13/2016,20160313,20010020160313
76,200106,12609,5,306,NA,2,4/11/2013,3/10/2016,20160310,20010620160310
77,200106,164252,8,800,NA,2,4/11/2013,3/10/2016,20160310,20010620160310
78,200113,153051,7,741,NA,3,1/27/2016,3/4/2016,20160304,20011320160304
79,200113,156072,9,741,NA,3,1/27/2016,3/4/2016,20160304,20011320160304
80,200116,71801,4,658,NA,3,4/11/2013,2/5/2016,20160205,20011620160205
81,200118,85780,5,159,NA,4,1/27/2016,3/15/2016,20160315,20011820160315
82,200118,104129,6,200,0.0199,4,1/27/2016,3/28/2016,20160328,20011820160328
83,200118,116318,7,587,0.0052,4,1/27/2016,4/11/2016,20160411,20011820160411
84,200118,165190,4,800,0.027899999,4,1/27/2016,4/11/2016,20160411,20011820160411
85,200120,96652,9,640,NA,5,4/11/2013,3/3/2016,20160303,20012020160303
86,200120,82600,7,587,NA,5,4/11/2013,3/4/2016,20160304,20012020160304
87,200120,135859,7,587,NA,5,4/11/2013,3/4/2016,20160304,20012020160304
88,200122,103372,6,235,NA,4,1/27/2016,2/28/2016,20160228,20012220160228
89,200127,7196,6,235,NA,3,1/27/2016,3/24/2016,20160324,20012720160324
90,200130,39778,7,527,NA,5,1/27/2016,3/15/2016,20160315,20013020160315
91,200130,43533,7,489,NA,5,1/27/2016,3/15/2016,20160315,20013020160315
92,200130,91145,9,640,NA,5,1/27/2016,3/15/2016,20160315,20013020160315
93,200130,41958,6,269,NA,5,1/27/2016,3/31/2016,20160331,20013020160331
94,200130,75851,4,375,NA,5,1/27/2016,4/1/2016,20160401,20013020160401
95,200130,75851,4,375,NA,5,1/27/2016,4/9/2016,20160409,20013020160409
96,200131,21159,4,375,NA,3,1/27/2016,2/19/2016,20160219,20013120160219
97,200139,56550,6,124,NA,3,1/27/2016,2/4/2016,20160204,20013920160204
98,200141,45678,7,489,NA,4,8/10/2010,3/25/2016,20160325,20014120160325
99,200143,646,7,489,NA,5,8/10/2010,2/23/2016,20160223,20014320160223
100,200144,81515,6,174,NA,4,4/11/2013,2/26/2016,20160226,20014420160226
101,200145,38604,9,489,0.0277,3,1/27/2016,3/14/2016,20160314,20014520160314
102,200146,21147,8,403,NA,3,1/27/2016,2/26/2016,20160226,20014620160226
103,200146,76301,5,232,NA,3,1/27/2016,2/26/2016,20160226,20014620160226
104,200146,76996,7,489,NA,3,1/27/2016,2/26/2016,20160226,20014620160226
105,200147,110904,5,693,NA,5,4/11/2013,3/24/2016,20160324,20014720160324
106,200147,86604,6,693,NA,5,4/11/2013,3/24/2016,20160324,20014720160324
107,200154,44854,8,30,NA,3,1/27/2016,4/9/2016,20160409,20015420160409
108,200155,141226,5,306,NA,3,1/27/2016,2/21/2016,20160221,20015520160221
109,200156,79405,8,214,NA,5,4/11/2013,3/22/2016,20160322,20015620160322
110,200165,10598,9,306,0.034699999,3,1/27/2016,3/7/2016,20160307,20016520160307
111,200185,27582,4,885,NA,2,1/27/2016,2/5/2016,20160205,20018520160205
112,200186,54209,6,306,NA,4,4/11/2013,2/16/2016,20160216,20018620160216
113,200186,46059,4,174,NA,4,4/11/2013,2/17/2016,20160217,20018620160217
114,200190,25003,5,489,NA,3,1/27/2016,4/14/2016,20160414,20019020160414
115,200213,37546,6,489,0.0148,5,1/27/2016,2/1/2016,20160201,20021320160201
116,200213,78508,4,885,0.024499999,5,1/27/2016,2/1/2016,20160201,20021320160201
117,200213,98634,4,581,NA,5,1/27/2016,2/3/2016,20160203,20021320160203
118,200213,77109,4,174,NA,5,1/27/2016,2/13/2016,20160213,20021320160213
119,200213,117882,4,519,NA,5,1/27/2016,2/14/2016,20160214,20021320160214
120,200213,108328,5,800,NA,5,1/27/2016,2/18/2016,20160218,20021320160218
121,200213,168573,5,124,NA,5,1/27/2016,2/18/2016,20160218,20021320160218
122,200213,143343,5,479,NA,5,1/27/2016,3/5/2016,20160305,20021320160305
123,200213,78508,4,885,0.0233,5,1/27/2016,3/7/2016,20160307,20021320160307
124,200213,143343,5,479,0.0165,5,1/27/2016,3/7/2016,20160307,20021320160307
125,200213,77745,6,269,NA,5,1/27/2016,3/9/2016,20160309,20021320160309
126,200213,151484,7,489,NA,5,1/27/2016,3/11/2016,20160311,20021320160311
127,200213,77745,6,269,NA,5,1/27/2016,3/11/2016,20160311,20021320160311
128,200213,83325,4,453,0.032400001,5,1/27/2016,3/14/2016,20160314,20021320160314
129,200213,37441,6,78,0.018300001,5,1/27/2016,3/14/2016,20160314,20021320160314
130,200213,98634,4,581,NA,5,1/27/2016,3/16/2016,20160316,20021320160316
131,200213,63231,4,174,NA,5,1/27/2016,3/20/2016,20160320,20021320160320
132,200213,68615,8,403,0.028100001,5,1/27/2016,3/28/2016,20160328,20021320160328
133,200213,98634,4,581,NA,5,1/27/2016,3/29/2016,20160329,20021320160329
134,200213,157595,4,581,NA,5,1/27/2016,4/2/2016,20160402,20021320160402
135,200213,9159,6,800,NA,5,1/27/2016,4/2/2016,20160402,20021320160402
136,200213,131895,7,489,NA,5,1/27/2016,4/2/2016,20160402,20021320160402
137,200213,160600,5,124,0.0222,5,1/27/2016,4/4/2016,20160404,20021320160404
138,200213,126791,5,479,NA,5,1/27/2016,4/7/2016,20160407,20021320160407
139,200213,100662,6,261,NA,5,1/27/2016,4/8/2016,20160408,20021320160408
140,200213,49758,5,479,NA,5,1/27/2016,4/9/2016,20160409,20021320160409
141,200214,36638,5,479,NA,3,1/27/2016,2/12/2016,20160212,20021420160212
142,200222,68718,4,752,NA,4,4/11/2013,2/23/2016,20160223,20022220160223
143,200223,37916,4,36,NA,4,1/27/2016,2/11/2016,20160211,20022320160211
144,200223,62566,9,640,NA,4,1/27/2016,3/25/2016,20160325,20022320160325
145,200228,166624,8,489,NA,4,4/11/2013,4/2/2016,20160402,20022820160402
146,200230,145946,8,658,NA,4,1/27/2016,3/15/2016,20160315,20023020160315
147,200234,90338,7,427,0.034000002,3,1/27/2016,4/4/2016,20160404,20023420160404
148,200238,45656,9,640,NA,4,1/28/2016,2/17/2016,20160217,20023820160217
149,200238,15259,8,545,NA,4,1/28/2016,2/25/2016,20160225,20023820160225
150,200238,72967,4,519,NA,4,1/28/2016,3/8/2016,20160308,20023820160308
151,200240,75018,9,630,NA,4,1/28/2016,3/11/2016,20160311,20024020160311
152,200242,50133,10,917,NA,5,1/28/2016,2/16/2016,20160216,20024220160216
153,200242,96120,4,174,NA,5,1/28/2016,3/15/2016,20160315,20024220160315
154,200246,58011,5,693,0.030099999,3,1/28/2016,3/14/2016,20160314,20024620160314
155,200251,110904,5,693,NA,3,1/28/2016,3/16/2016,20160316,20025120160316
156,200252,148209,9,427,NA,5,1/28/2016,3/17/2016,20160317,20025220160317
157,200254,81197,5,235,0.039999999,5,4/11/2013,2/8/2016,20160208,20025420160208
158,200257,116318,7,587,NA,4,4/11/2013,3/15/2016,20160315,20025720160315
159,200258,116420,4,174,NA,4,1/28/2016,2/9/2016,20160209,20025820160209
160,200258,19246,5,375,NA,4,1/28/2016,2/10/2016,20160210,20025820160210
161,200258,4732,6,375,NA,4,1/28/2016,2/10/2016,20160210,20025820160210
162,200258,112316,5,174,NA,4,1/28/2016,2/10/2016,20160210,20025820160210
163,200258,50239,5,235,NA,4,1/28/2016,2/10/2016,20160210,20025820160210
164,200258,64160,6,232,NA,4,1/28/2016,2/10/2016,20160210,20025820160210
165,200258,154748,5,58,NA,4,1/28/2016,2/10/2016,20160210,20025820160210
166,200258,7434,4,306,NA,4,1/28/2016,2/13/2016,20160213,20025820160213
167,200258,70839,8,545,0.0272,4,1/28/2016,2/22/2016,20160222,20025820160222
168,200258,75043,9,427,0.032499999,4,1/28/2016,2/29/2016,20160229,20025820160229
169,200260,132457,6,800,NA,5,1/28/2016,3/16/2016,20160316,20026020160316
170,200266,99425,7,489,NA,5,1/28/2016,3/1/2016,20160301,20026620160301
171,200266,69623,7,741,NA,5,1/28/2016,3/1/2016,20160301,20026620160301
172,200266,19198,9,489,NA,5,1/28/2016,3/1/2016,20160301,20026620160301
173,200268,98685,7,306,NA,4,1/28/2016,3/13/2016,20160313,20026820160313
174,200268,157215,7,306,NA,4,1/28/2016,3/13/2016,20160313,20026820160313
175,200268,38604,9,489,NA,4,1/28/2016,3/15/2016,20160315,20026820160315
176,200268,52283,4,306,NA,4,1/28/2016,4/12/2016,20160412,20026820160412
177,200268,51852,4,306,NA,4,1/28/2016,4/14/2016,20160414,20026820160414
178,200276,124413,6,232,NA,2,1/28/2016,3/27/2016,20160327,20027620160327
179,200279,65145,9,842,0.0438,3,1/28/2016,2/15/2016,20160215,20027920160215
180,200283,153051,7,741,0.065700002,4,1/28/2016,3/14/2016,20160314,20028320160314
181,200285,81515,6,174,NA,3,1/28/2016,2/20/2016,20160220,20028520160220
182,200285,101016,5,800,NA,3,1/28/2016,2/20/2016,20160220,20028520160220
183,200285,84037,7,462,0.045499999,3,1/28/2016,2/22/2016,20160222,20028520160222
184,200285,28005,7,462,0,3,1/28/2016,2/22/2016,20160222,20028520160222
185,200285,29753,9,462,0.055599999,3,1/28/2016,2/22/2016,20160222,20028520160222
186,200285,154748,5,58,NA,3,1/28/2016,3/11/2016,20160311,20028520160311
187,200287,78508,4,885,0.0233,4,4/11/2013,3/7/2016,20160307,20028720160307
188,200289,102488,4,658,NA,4,1/28/2016,2/11/2016,20160211,20028920160211
189,200289,111391,5,800,NA,4,1/28/2016,2/11/2016,20160211,20028920160211
190,200289,154495,6,800,NA,4,1/28/2016,2/11/2016,20160211,20028920160211
191,200289,69209,8,800,NA,4,1/28/2016,2/14/2016,20160214,20028920160214
192,200290,98840,7,306,NA,5,4/11/2013,3/15/2016,20160315,20029020160315
193,200290,109349,9,842,NA,5,4/11/2013,3/15/2016,20160315,20029020160315
194,200295,89802,8,545,NA,5,4/11/2013,3/2/2016,20160302,20029520160302
195,200295,166354,8,545,NA,5,4/11/2013,3/2/2016,20160302,20029520160302
196,200295,72967,4,519,NA,5,4/11/2013,3/2/2016,20160302,20029520160302
197,200295,153395,8,545,NA,5,4/11/2013,3/2/2016,20160302,20029520160302
198,200298,78508,4,885,NA,3,1/28/2016,2/2/2016,20160202,20029820160202
199,200298,90902,6,489,0.016899999,3,1/28/2016,4/15/2016,20160415,20029820160415
200,200299,154636,8,545,NA,5,4/11/2013,3/1/2016,20160301,20029920160301
201,200300,142936,7,489,0.039000001,3,1/28/2016,4/4/2016,20160404,20030020160404
202,200303,140807,8,658,NA,3,4/11/2013,3/27/2016,20160327,20030320160327
203,200304,144549,8,545,NA,3,1/28/2016,4/5/2016,20160405,20030420160405
204,200319,31662,8,545,NA,4,1/28/2016,4/8/2016,20160408,20031920160408
205,200320,646,7,489,NA,5,1/28/2016,2/26/2016,20160226,20032020160226
206,200325,35464,5,489,NA,3,1/28/2016,2/2/2016,20160202,20032520160202
207,200325,33726,6,693,NA,3,1/28/2016,2/2/2016,20160202,20032520160202
208,200325,31662,8,545,NA,3,1/28/2016,2/2/2016,20160202,20032520160202
209,200325,35464,5,489,NA,3,1/28/2016,2/4/2016,20160204,20032520160204
210,200328,83325,4,453,NA,4,4/12/2013,4/7/2016,20160407,20032820160407
211,200333,67241,8,658,NA,4,1/28/2016,4/13/2016,20160413,20033320160413
212,200336,96959,9,489,NA,3,1/28/2016,4/2/2016,20160402,20033620160402
213,200337,22359,5,58,NA,4,1/28/2016,3/19/2016,20160319,20033720160319
214,200339,84389,8,489,NA,4,1/28/2016,4/7/2016,20160407,20033920160407
215,200339,8585,6,570,NA,4,1/28/2016,4/10/2016,20160410,20033920160410
216,200343,79309,5,693,NA,3,1/28/2016,2/25/2016,20160225,20034320160225
217,200345,24679,8,658,NA,5,4/12/2013,3/11/2016,20160311,20034520160311
218,200348,108328,5,800,NA,2,1/28/2016,3/22/2016,20160322,20034820160322
219,200352,99415,5,479,NA,5,4/12/2013,3/4/2016,20160304,20035220160304
220,200352,154495,6,800,NA,5,4/12/2013,3/4/2016,20160304,20035220160304
221,200359,40491,7,489,0.074199997,2,1/29/2016,2/1/2016,20160201,20035920160201
222,200360,59409,9,489,NA,5,1/29/2016,2/24/2016,20160224,20036020160224
223,200360,54265,5,479,NA,5,1/29/2016,3/15/2016,20160315,20036020160315
224,200362,58768,6,124,0.038600001,5,1/25/2007,2/1/2016,20160201,20036220160201
225,200362,101412,5,225,NA,5,1/25/2007,3/29/2016,20160329,20036220160329
226,200369,138037,4,375,NA,4,8/11/2010,3/25/2016,20160325,20036920160325
227,200369,48000,6,489,0.025,4,8/11/2010,4/11/2016,20160411,20036920160411
228,200374,5007,6,375,NA,4,4/12/2013,2/6/2016,20160206,20037420160206
229,200374,79616,4,36,NA,4,4/12/2013,4/10/2016,20160410,20037420160410
230,200382,112316,5,174,NA,4,1/29/2016,3/8/2016,20160308,20038220160308
231,200382,113963,5,232,NA,4,1/29/2016,3/16/2016,20160316,20038220160316
232,200383,135272,4,519,NA,4,1/29/2016,2/24/2016,20160224,20038320160224
233,200383,103114,6,78,NA,4,1/29/2016,2/24/2016,20160224,20038320160224
234,200383,145303,5,306,NA,4,1/29/2016,2/26/2016,20160226,20038320160226
235,200383,37957,8,489,NA,4,1/29/2016,3/1/2016,20160301,20038320160301
236,200390,45458,6,489,0.0208,5,4/12/2013,3/14/2016,20160314,20039020160314
237,200390,41084,5,306,NA,5,4/12/2013,3/23/2016,20160323,20039020160323
238,200390,78327,4,885,NA,5,4/12/2013,3/31/2016,20160331,20039020160331
239,200391,20739,7,693,0.0726,2,1/29/2016,2/22/2016,20160222,20039120160222
240,200391,51210,9,597,0.065800004,2,1/29/2016,2/22/2016,20160222,20039120160222
241,200391,142477,8,693,NA,2,1/29/2016,2/23/2016,20160223,20039120160223
242,200394,94373,4,885,NA,4,1/29/2016,3/5/2016,20160305,20039420160305
243,200395,87901,6,489,NA,5,8/11/2010,2/11/2016,20160211,20039520160211
244,200395,160600,5,124,NA,5,8/11/2010,2/11/2016,20160211,20039520160211
245,200398,161561,7,207,NA,4,1/29/2016,4/9/2016,20160409,20039820160409
246,200399,41009,6,78,NA,4,1/29/2016,2/26/2016,20160226,20039920160226
247,200399,20534,9,399,NA,4,1/29/2016,3/13/2016,20160313,20039920160313
248,200399,156471,5,78,0.0207,4,1/29/2016,3/21/2016,20160321,20039920160321
249,200399,156484,7,306,NA,4,1/29/2016,3/23/2016,20160323,20039920160323
250,200404,75679,11,693,NA,2,1/29/2016,2/18/2016,20160218,20040420160218
251,200407,75018,9,630,NA,5,8/11/2010,4/1/2016,20160401,20040720160401
252,200417,20719,4,519,NA,5,8/11/2010,3/4/2016,20160304,20041720160304
253,200417,12564,8,214,NA,5,8/11/2010,3/4/2016,20160304,20041720160304
254,200419,54934,5,489,NA,3,1/29/2016,3/5/2016,20160305,20041920160305
255,200422,70491,6,306,0.034600001,5,1/29/2016,2/15/2016,20160215,20042220160215
256,200422,63006,8,214,NA,5,1/29/2016,2/18/2016,20160218,20042220160218
257,200423,65700,8,214,NA,5,4/12/2013,4/8/2016,20160408,20042320160408
258,200425,32465,8,489,0.0189,4,1/29/2016,4/4/2016,20160404,20042520160404
259,200425,25566,6,124,0.022299999,4,1/29/2016,4/4/2016,20160404,20042520160404
260,200429,90456,5,479,NA,4,1/29/2016,2/26/2016,20160226,20042920160226
261,200430,126906,8,403,0.036899999,2,1/29/2016,3/14/2016,20160314,20043020160314
262,200431,136276,7,587,NA,5,8/11/2010,2/16/2016,20160216,20043120160216
263,200431,109084,9,640,NA,5,8/11/2010,2/19/2016,20160219,20043120160219
264,200431,111778,4,306,NA,5,8/11/2010,3/8/2016,20160308,20043120160308
265,200431,75588,5,306,NA,5,8/11/2010,3/10/2016,20160310,20043120160310
266,200431,78285,6,306,NA,5,8/11/2010,3/10/2016,20160310,20043120160310
267,200444,126146,8,800,NA,2,1/29/2016,3/22/2016,20160322,20044420160322
268,200445,131300,8,693,NA,3,1/29/2016,2/23/2016,20160223,20044520160223
269,200452,19553,6,570,NA,5,8/11/2010,2/26/2016,20160226,20045220160226
270,200453,58246,8,214,NA,4,4/12/2013,3/20/2016,20160320,20045320160320
271,200455,77837,8,214,0.0126,5,4/12/2013,3/14/2016,20160314,20045520160314
272,200456,135272,4,519,NA,4,1/30/2016,4/14/2016,20160414,20045620160414
273,200466,129598,4,174,NA,4,1/30/2016,2/2/2016,20160202,20046620160202
274,200466,122027,6,885,NA,4,1/30/2016,2/2/2016,20160202,20046620160202
275,200467,111778,4,306,NA,4,1/30/2016,4/8/2016,20160408,20046720160408
276,200467,149720,5,479,0.0473,4,1/30/2016,4/11/2016,20160411,20046720160411
277,200469,154270,4,351,NA,3,1/30/2016,3/31/2016,20160331,20046920160331
278,200471,11036,9,640,NA,5,8/11/2010,3/1/2016,20160301,20047120160301
279,200471,54209,6,306,NA,5,8/11/2010,3/31/2016,20160331,20047120160331
280,200475,109690,5,263,0.020199999,5,8/11/2010,2/15/2016,20160215,20047520160215
281,200478,116820,9,813,0.047400001,3,1/30/2016,3/14/2016,20160314,20047820160314
282,200480,81802,7,306,NA,5,4/12/2013,3/23/2016,20160323,20048020160323
283,200481,56183,7,842,NA,3,1/30/2016,4/3/2016,20160403,20048120160403
284,200482,142140,8,30,NA,4,4/12/2013,4/8/2016,20160408,20048220160408
285,200488,116489,8,545,NA,5,4/12/2013,4/12/2016,20160412,20048820160412
286,200492,81515,6,174,0.0117,4,1/30/2016,3/7/2016,20160307,20049220160307
287,200496,150879,4,36,NA,5,8/11/2010,4/8/2016,20160408,20049620160408
288,200507,70936,4,885,NA,2,1/30/2016,3/16/2016,20160316,20050720160316
289,200512,22962,4,885,NA,3,1/31/2016,4/14/2016,20160414,20051220160414
290,200514,57018,8,545,NA,3,1/30/2016,3/6/2016,20160306,20051420160306
291,200515,56797,5,489,NA,4,1/30/2016,2/14/2016,20160214,20051520160214
292,200515,121883,9,117,NA,4,1/30/2016,2/14/2016,20160214,20051520160214
293,200515,24769,9,489,NA,4,1/30/2016,3/10/2016,20160310,20051520160310
294,200519,129598,4,174,NA,5,4/13/2013,2/17/2016,20160217,20051920160217
295,200543,42196,5,489,NA,5,4/13/2013,2/20/2016,20160220,20054320160220
296,200543,112550,6,306,NA,5,4/13/2013,2/20/2016,20160220,20054320160220
297,200544,135272,4,519,NA,4,1/30/2016,2/23/2016,20160223,20054420160223
298,200544,79080,6,269,0.0139,4,1/30/2016,3/7/2016,20160307,20054420160307
299,200553,154636,8,545,NA,4,4/13/2013,3/26/2016,20160326,20055320160326
300,200568,117882,4,519,NA,4,1/30/2016,4/13/2016,20160413,20056820160413
301,200574,109690,5,263,NA,5,8/11/2010,3/2/2016,20160302,20057420160302
302,200574,98249,6,306,NA,5,8/11/2010,3/29/2016,20160329,20057420160329
303,200574,78508,4,885,NA,5,8/11/2010,4/8/2016,20160408,20057420160408
304,200575,36638,5,479,NA,5,4/13/2013,3/31/2016,20160331,20057520160331
305,200583,123773,8,693,NA,3,1/30/2016,3/17/2016,20160317,20058320160317
306,200588,49474,5,479,NA,4,4/13/2013,3/11/2016,20160311,20058820160311
307,200588,43533,7,489,NA,4,4/13/2013,3/11/2016,20160311,20058820160311
308,200592,147796,8,489,NA,4,1/30/2016,3/11/2016,20160311,20059220160311
309,200599,92909,8,885,NA,4,1/30/2016,4/1/2016,20160401,20059920160401
310,200613,107012,8,306,NA,3,1/30/2016,3/8/2016,20160308,20061320160308
311,200614,9702,8,693,NA,5,4/13/2013,2/25/2016,20160225,20061420160225
312,200616,163680,4,306,NA,4,4/13/2013,3/22/2016,20160322,20061620160322
313,200616,68767,8,545,NA,4,4/13/2013,3/22/2016,20160322,20061620160322
314,200618,166345,9,306,NA,4,1/31/2016,3/29/2016,20160329,20061820160329
315,200618,24979,7,842,NA,4,1/31/2016,3/29/2016,20160329,20061820160329
316,200618,6424,4,800,NA,4,1/31/2016,3/30/2016,20160330,20061820160330
317,200626,108858,8,30,NA,5,4/13/2013,3/29/2016,20160329,20062620160329
318,200626,140029,4,375,NA,5,4/13/2013,4/1/2016,20160401,20062620160401
319,200630,99106,5,427,NA,3,8/12/2010,3/10/2016,20160310,20063020160310
320,200632,96959,9,489,NA,4,1/31/2016,2/2/2016,20160202,20063220160202
321,200632,74630,7,489,NA,4,1/31/2016,2/2/2016,20160202,20063220160202
322,200632,164258,8,214,0.021299999,4,1/31/2016,2/15/2016,20160215,20063220160215
323,200632,67589,5,800,0.0207,4,1/31/2016,2/15/2016,20160215,20063220160215
324,200632,128286,6,174,NA,4,1/31/2016,3/10/2016,20160310,20063220160310
325,200632,59259,4,658,NA,4,1/31/2016,3/15/2016,20160315,20063220160315
326,200632,59259,4,658,NA,4,1/31/2016,4/1/2016,20160401,20063220160401
327,200632,27582,4,885,NA,4,1/31/2016,4/5/2016,20160405,20063220160405
328,200639,2677,8,427,0.0491,4,1/31/2016,2/22/2016,20160222,20063920160222
329,200648,129598,4,174,NA,5,1/31/2016,3/11/2016,20160311,20064820160311
330,200648,22962,4,885,NA,5,1/31/2016,3/12/2016,20160312,20064820160312
331,200648,5888,4,519,NA,5,1/31/2016,3/25/2016,20160325,20064820160325
332,200648,5888,4,519,NA,5,1/31/2016,3/25/2016,20160325,20064820160325
333,200648,5888,4,519,NA,5,1/31/2016,3/25/2016,20160325,20064820160325
334,200648,5888,4,519,NA,5,1/31/2016,3/25/2016,20160325,20064820160325
335,200650,10768,9,100,NA,3,1/31/2016,3/1/2016,20160301,20065020160301
336,200652,145895,8,693,NA,4,4/13/2013,3/27/2016,20160327,20065220160327
337,200663,78035,4,678,NA,3,1/31/2016,2/28/2016,20160228,20066320160228
338,200663,138151,8,30,NA,3,1/31/2016,2/28/2016,20160228,20066320160228
339,200663,98099,4,678,NA,3,1/31/2016,3/19/2016,20160319,20066320160319
340,200663,149442,5,570,NA,3,1/31/2016,3/19/2016,20160319,20066320160319
341,200672,15661,8,427,NA,5,4/13/2013,4/6/2016,20160406,20067220160406
342,200677,103885,5,218,NA,5,4/13/2013,3/1/2016,20160301,20067720160301
343,200683,62863,8,489,NA,5,8/12/2010,3/3/2016,20160303,20068320160303
344,200689,125460,5,200,NA,4,1/31/2016,3/25/2016,20160325,20068920160325
345,200692,7418,7,306,NA,4,1/31/2016,3/25/2016,20160325,20069220160325
346,200692,70491,6,306,NA,4,1/31/2016,4/9/2016,20160409,20069220160409
347,200692,114890,9,640,NA,4,1/31/2016,4/9/2016,20160409,20069220160409
348,200697,140029,4,375,NA,2,1/31/2016,2/2/2016,20160202,20069720160202
349,200701,98634,4,581,NA,3,1/31/2016,2/2/2016,20160202,20070120160202
350,200701,92933,6,51,NA,3,1/31/2016,4/12/2016,20160412,20070120160412
351,200707,32465,8,489,NA,5,4/13/2013,3/3/2016,20160303,20070720160303
352,200712,46990,8,403,NA,3,1/31/2016,3/1/2016,20160301,20071220160301
353,200715,5916,6,800,0.015900001,4,1/31/2016,3/14/2016,20160314,20071520160314
354,200715,27844,4,375,0.023600001,4,1/31/2016,3/14/2016,20160314,20071520160314
355,200715,149442,5,570,NA,4,1/31/2016,3/23/2016,20160323,20071520160323
356,200717,75877,8,545,NA,3,4/13/2013,3/8/2016,20160308,20071720160308
357,200719,2100,4,800,0.0286,3,1/31/2016,2/1/2016,20160201,20071920160201
358,200719,90646,6,489,0.01,3,1/31/2016,2/1/2016,20160201,20071920160201
359,200719,123773,8,693,0.070699997,3,1/31/2016,2/1/2016,20160201,20071920160201
360,200719,103594,4,800,0.027799999,3,1/31/2016,2/1/2016,20160201,20071920160201
361,200719,125188,5,479,NA,3,1/31/2016,2/2/2016,20160202,20071920160202
362,200721,135272,4,519,NA,4,8/12/2010,4/14/2016,20160414,20072120160414
363,200728,84544,6,306,0.027000001,5,4/14/2013,4/11/2016,20160411,20072820160411
364,200731,28276,4,519,NA,4,2/1/2016,3/23/2016,20160323,20073120160323
365,200736,149641,8,403,0.034899998,3,2/1/2016,2/1/2016,20160201,20073620160201
366,200738,15259,8,545,NA,5,4/14/2013,3/9/2016,20160309,20073820160309
367,200740,164532,5,124,0.0219,5,4/14/2013,3/7/2016,20160307,20074020160307
368,200740,12564,8,214,NA,5,4/14/2013,3/18/2016,20160318,20074020160318
369,200745,13110,5,225,NA,5,4/14/2013,3/11/2016,20160311,20074520160311
370,200745,146523,8,489,NA,5,4/14/2013,3/11/2016,20160311,20074520160311
371,200745,155792,4,453,NA,5,4/14/2013,3/17/2016,20160317,20074520160317
372,200745,6424,4,800,NA,5,4/14/2013,3/17/2016,20160317,20074520160317
373,200746,81462,8,489,NA,4,2/1/2016,3/13/2016,20160313,20074620160313
374,200750,149223,8,658,NA,3,4/14/2013,4/6/2016,20160406,20075020160406
375,200763,32454,9,630,NA,4,2/1/2016,2/20/2016,20160220,20076320160220
376,200763,31216,7,216,NA,4,2/1/2016,2/23/2016,20160223,20076320160223
377,200764,63006,8,214,NA,5,4/14/2013,3/9/2016,20160309,20076420160309
378,200764,53371,9,640,NA,5,4/14/2013,3/9/2016,20160309,20076420160309
379,200772,7418,7,306,0.029200001,3,2/1/2016,4/15/2016,20160415,20077220160415
380,200777,37427,6,489,NA,3,2/1/2016,3/11/2016,20160311,20077720160311
381,200777,37427,6,489,NA,3,2/1/2016,3/17/2016,20160317,20077720160317
382,200779,135272,4,519,NA,3,2/1/2016,3/16/2016,20160316,20077920160316
383,200781,143527,6,78,NA,5,4/14/2013,3/6/2016,20160306,20078120160306
384,200781,170400,5,78,NA,5,4/14/2013,3/6/2016,20160306,20078120160306
385,200782,15547,7,56,NA,4,4/14/2013,2/11/2016,20160211,20078220160211
386,200788,115215,8,800,NA,3,2/1/2016,3/15/2016,20160315,20078820160315
387,200794,14433,8,30,0.034600001,5,4/14/2013,4/11/2016,20160411,20079420160411
388,200808,154636,8,545,0.0189,5,4/14/2013,4/15/2016,20160415,20080820160415
389,200813,138037,4,375,0.0261,3,2/1/2016,2/1/2016,20160201,20081320160201
390,200813,138853,8,403,NA,3,2/1/2016,3/19/2016,20160319,20081320160319
391,200815,49758,5,479,NA,4,2/1/2016,3/17/2016,20160317,20081520160317
392,200815,105971,5,479,NA,4,2/1/2016,3/23/2016,20160323,20081520160323
393,200833,153395,8,545,0.022700001,5,2/1/2016,2/1/2016,20160201,20083320160201
394,200833,129010,8,545,0.022600001,5,2/1/2016,2/1/2016,20160201,20083320160201
395,200833,9159,6,800,NA,5,2/1/2016,2/6/2016,20160206,20083320160206
396,200834,125699,5,489,NA,3,2/1/2016,3/31/2016,20160331,20083420160331
397,200837,50061,9,640,NA,5,8/12/2010,3/6/2016,20160306,20083720160306
398,200843,27582,4,885,NA,3,2/1/2016,2/3/2016,20160203,20084320160203
399,200845,7418,7,306,NA,5,8/12/2010,3/5/2016,20160305,20084520160305
400,200845,75043,9,427,NA,5,8/12/2010,3/5/2016,20160305,20084520160305
401,200845,56797,5,489,NA,5,8/12/2010,3/5/2016,20160305,20084520160305
402,200845,69209,8,800,NA,5,8/12/2010,3/16/2016,20160316,20084520160316
403,200852,59580,7,535,NA,2,2/1/2016,3/13/2016,20160313,20085220160313
404,200855,14577,8,677,NA,3,2/1/2016,3/8/2016,20160308,20085520160308
405,200855,2148,6,165,NA,3,2/1/2016,3/8/2016,20160308,20085520160308
406,200855,157850,7,118,NA,3,2/1/2016,3/8/2016,20160308,20085520160308
407,200857,59256,4,306,NA,5,8/12/2010,3/5/2016,20160305,20085720160305
408,200860,85780,5,159,0.016000001,3,2/1/2016,2/1/2016,20160201,20086020160201
409,200861,9702,8,693,NA,2,2/1/2016,3/9/2016,20160309,20086120160309
410,200863,28276,4,519,NA,3,2/1/2016,2/2/2016,20160202,20086320160202
411,200868,129598,4,174,NA,5,2/2/2016,3/15/2016,20160315,20086820160315
412,200881,143527,6,78,0.0087,4,8/12/2010,3/7/2016,20160307,20088120160307
413,200884,80499,4,752,NA,4,4/15/2013,2/12/2016,20160212,20088420160212
414,200884,31662,8,545,NA,4,4/15/2013,2/13/2016,20160213,20088420160213
415,200889,81515,6,174,NA,3,2/2/2016,3/20/2016,20160320,20088920160320
416,200901,111225,8,693,NA,3,2/2/2016,3/3/2016,20160303,20090120160303
417,200901,77745,6,269,NA,3,2/2/2016,3/3/2016,20160303,20090120160303
418,200907,72348,5,159,NA,5,8/13/2010,2/2/2016,20160202,20090720160202
419,200907,152699,5,479,NA,5,8/13/2010,3/2/2016,20160302,20090720160302
420,200909,72463,7,693,NA,4,2/2/2016,2/3/2016,20160203,20090920160203
421,200909,3067,8,693,NA,4,2/2/2016,2/3/2016,20160203,20090920160203
422,200909,33726,6,693,NA,4,2/2/2016,2/3/2016,20160203,20090920160203
423,200909,163550,4,306,NA,4,2/2/2016,2/3/2016,20160203,20090920160203
424,200912,157215,7,306,NA,3,2/2/2016,3/23/2016,20160323,20091220160323
425,200912,69342,7,427,NA,3,2/2/2016,4/13/2016,20160413,20091220160413
426,200913,116820,9,813,NA,5,1/28/2007,2/14/2016,20160214,20091320160214
427,200915,42988,6,375,NA,2,2/2/2016,2/2/2016,20160202,20091520160202
428,200921,164252,8,800,NA,3,2/2/2016,3/9/2016,20160309,20092120160309
429,200924,42959,4,658,NA,4,2/2/2016,2/2/2016,20160202,20092420160202
430,200931,51307,4,752,NA,3,2/2/2016,2/2/2016,20160202,20093120160202
431,200935,24810,8,545,NA,3,2/2/2016,2/20/2016,20160220,20093520160220
432,200936,47895,8,489,NA,4,2/2/2016,4/8/2016,20160408,20093620160408
433,200945,21147,8,403,NA,5,8/13/2010,3/25/2016,20160325,20094520160325
434,200948,131210,6,570,NA,3,2/2/2016,3/1/2016,20160301,20094820160301
435,200962,90646,6,489,NA,2,2/2/2016,2/2/2016,20160202,20096220160202
436,200965,119697,4,199,NA,3,2/2/2016,2/12/2016,20160212,20096520160212
437,200974,99425,7,489,NA,3,2/2/2016,2/17/2016,20160217,20097420160217
438,200991,117210,5,800,NA,2,2/2/2016,3/2/2016,20160302,20099120160302
439,200994,170400,5,78,NA,4,2/2/2016,2/2/2016,20160202,20099420160202
440,200994,37427,6,489,NA,4,2/2/2016,2/2/2016,20160202,20099420160202
441,200997,12994,9,489,NA,4,4/15/2013,4/13/2016,20160413,20099720160413
442,201000,40711,4,800,NA,3,2/3/2016,3/15/2016,20160315,20100020160315
443,201000,144759,5,78,NA,3,2/3/2016,3/16/2016,20160316,20100020160316
